{
  "IcoMoonType": "selection",
  "icons": [
    {
      "icon": {
        "paths": [
          "M986.51 37.49c-49.988-49.986-131.032-49.986-181.020 0l-172.118 172.118-121.372-121.372-135.764 135.764 106.426 106.426-472.118 472.118c-8.048 8.048-11.468 18.958-10.3 29.456h-0.244v160c0 17.674 14.328 32 32 32h160c0 0 2.664 0 4 0 9.212 0 18.426-3.516 25.456-10.544l472.118-472.118 106.426 106.426 135.764-135.764-121.372-121.372 172.118-172.118c49.986-49.988 49.986-131.032 0-181.020zM173.090 960h-109.090v-109.090l469.574-469.572 109.088 109.088-469.572 469.574z"
        ],
        "tags": [
          "eyedropper",
          "color",
          "color-picker",
          "sample"
        ],
        "defaultCode": 59658,
        "grid": 16,
        "attrs": []
      },
      "attrs": [],
      "properties": {
        "ligatures": "eyedropper, color",
        "name": "eyedropper",
        "order": 8,
        "id": 11,
        "prevSize": 32,
        "code": 59658
      },
      "setIdx": 0,
      "setId": 1,
      "iconIdx": 10
    },
    {
      "icon": {
        "paths": [
          "M960 0l-448 128-448-128c0 0-4.5 51.698 0 128l448 140.090 448-140.090c4.498-76.302 0-128 0-128zM72.19 195.106c23.986 250.696 113.49 672.234 439.81 828.894 326.32-156.66 415.824-578.198 439.81-828.894l-439.81 165.358-439.81-165.358z"
        ],
        "tags": [
          "shield",
          "security",
          "defense",
          "protection",
          "anti virus"
        ],
        "defaultCode": 59828,
        "grid": 16,
        "attrs": []
      },
      "attrs": [],
      "properties": {
        "ligatures": "shield, security",
        "name": "shield",
        "order": 6,
        "id": 181,
        "prevSize": 32,
        "code": 59828
      },
      "setIdx": 0,
      "setId": 1,
      "iconIdx": 180
    },
    {
      "icon": {
        "paths": [
          "M64 192h896v192h-896zM64 448h896v192h-896zM64 704h896v192h-896z"
        ],
        "tags": [
          "menu",
          "list",
          "options",
          "lines",
          "hamburger"
        ],
        "defaultCode": 59837,
        "grid": 16,
        "attrs": []
      },
      "attrs": [],
      "properties": {
        "ligatures": "menu, list3",
        "name": "menu",
        "order": 3,
        "id": 190,
        "prevSize": 32,
        "code": 59837
      },
      "setIdx": 0,
      "setId": 1,
      "iconIdx": 189
    },
    {
      "icon": {
        "paths": [
          "M992 384h-352v-352c0-17.672-14.328-32-32-32h-192c-17.672 0-32 14.328-32 32v352h-352c-17.672 0-32 14.328-32 32v192c0 17.672 14.328 32 32 32h352v352c0 17.672 14.328 32 32 32h192c17.672 0 32-14.328 32-32v-352h352c17.672 0 32-14.328 32-32v-192c0-17.672-14.328-32-32-32z"
        ],
        "tags": [
          "plus",
          "add",
          "sum"
        ],
        "defaultCode": 59914,
        "grid": 16,
        "attrs": []
      },
      "attrs": [],
      "properties": {
        "ligatures": "plus, add",
        "name": "plus",
        "order": 7,
        "id": 267,
        "prevSize": 32,
        "code": 59914
      },
      "setIdx": 0,
      "setId": 1,
      "iconIdx": 266
    },
    {
      "icon": {
        "paths": [
          "M621.254 877.254l320-320c24.994-24.992 24.994-65.516 0-90.51l-320-320c-24.994-24.992-65.516-24.992-90.51 0-24.994 24.994-24.994 65.516 0 90.51l210.746 210.746h-613.49c-35.346 0-64 28.654-64 64s28.654 64 64 64h613.49l-210.746 210.746c-12.496 12.496-18.744 28.876-18.744 45.254s6.248 32.758 18.744 45.254c24.994 24.994 65.516 24.994 90.51 0z"
        ],
        "tags": [
          "arrow-right",
          "right",
          "next"
        ],
        "defaultCode": 59964,
        "grid": 16,
        "attrs": []
      },
      "attrs": [],
      "properties": {
        "ligatures": "arrow-right2, right4",
        "name": "arrow-right2",
        "order": 5,
        "id": 317,
        "prevSize": 32,
        "code": 59964
      },
      "setIdx": 0,
      "setId": 1,
      "iconIdx": 316
    },
    {
      "icon": {
        "paths": [
          "M402.746 877.254l-320-320c-24.994-24.992-24.994-65.516 0-90.51l320-320c24.994-24.992 65.516-24.992 90.51 0 24.994 24.994 24.994 65.516 0 90.51l-210.746 210.746h613.49c35.346 0 64 28.654 64 64s-28.654 64-64 64h-613.49l210.746 210.746c12.496 12.496 18.744 28.876 18.744 45.254s-6.248 32.758-18.744 45.254c-24.994 24.994-65.516 24.994-90.51 0z"
        ],
        "tags": [
          "arrow-left",
          "left",
          "previous"
        ],
        "defaultCode": 59968,
        "grid": 16,
        "attrs": []
      },
      "attrs": [],
      "properties": {
        "ligatures": "arrow-left2, left4",
        "name": "arrow-left2",
        "order": 4,
        "id": 321,
        "prevSize": 32,
        "code": 59968
      },
      "setIdx": 0,
      "setId": 1,
      "iconIdx": 320
    }
  ],
  "height": 1024,
  "preferences": {
    "showGlyphs": true,
    "showQuickUse": true,
    "showQuickUse2": true,
    "showSVGs": true,
    "fontPref": {
      "prefix": "icon-",
      "metadata": {
        "fontFamily": "icomoon"
      },
      "metrics": {
        "emSize": 1024,
        "baseline": 6.25,
        "whitespace": 50
      },
      "embed": false
    },
    "imagePref": {
      "prefix": "icon-",
      "png": true,
      "useClassSelector": true,
      "color": 0,
      "bgColor": 16777215,
      "classSelector": ".icon",
      "name": "icomoon",
      "autoHost": true
    },
    "historySize": 50,
    "showCodes": true,
    "gridSize": 16,
    "quickUsageToken": {
      "UntitledProject": "OTY2N2Q5MDY3YmI5ZGIyM2RiMDUwMmEyYTFhN2NkMDIjMSMxNjE0NTQ1MDg0IyMj"
    }
  }
}